<?xml version="1.0" encoding="UTF-8"?>
<beans xmlns="http://www.springframework.org/schema/beans"
	xmlns:xsi="http://www.w3.org/2001/XMLSchema-instance"
	xmlns:jaxws="http://cxf.apache.org/jaxws"
	xsi:schemaLocation="http://www.springframework.org/schema/beans http://www.springframework.org/schema/beans/spring-beans-2.5.xsd http://cxf.apache.org/jaxws http://cxf.apache.org/schemas/jaxws.xsd">
	<import resource="classpath:META-INF/cxf/cxf.xml" />
	<import resource="classpath:META-INF/cxf/cxf-extension-soap.xml" />
	<import resource="classpath:META-INF/cxf/cxf-servlet.xml" />
	<jaxws:endpoint xmlns:tns="http://edu.softserve.com/"
		id="calc" implementor="com.softserve.edu.Calc"
		wsdlLocation="wsdl/calc.wsdl" endpointName="tns:CalcPort"
		serviceName="tns:CalcService" address="/CalcPort">
		<jaxws:features>
			<bean class="org.apache.cxf.feature.LoggingFeature" />
		</jaxws:features>
	</jaxws:endpoint>
</beans>
